dzongkhag,validation_year,model,RMSE,MAE,MAPE,MASE
BUMTHANG,2022,Seasonal Naive,0.029230388073385204,0.023581893333333336,10.474794322550359,1.5501442297342283
BUMTHANG,2022,Holt-Winters,0.015522258760445891,0.012530332371277942,5.249555335040313,0.8236752726946088
BUMTHANG,2022,SARIMA,0.023159279327675402,0.016253176205930458,7.382050691819453,1.0683945921705786
BUMTHANG,2023,Seasonal Naive,0.018411860215203676,0.013645844999999998,5.493354726500708,0.8316424771430739
BUMTHANG,2023,Holt-Winters,0.016225193293390876,0.014883519086922932,6.634346044741222,0.9070722027148052
BUMTHANG,2023,SARIMA,0.021601680896182602,0.018999646365983395,8.63917861590285,1.1579285100079062
BUMTHANG,2024,Seasonal Naive,0.027251261415231768,0.02168475499999999,8.02064600474405,1.3499817048487048
BUMTHANG,2024,Holt-Winters,0.021134761724723124,0.016777283090167485,6.388895078026213,1.0444676561387787
BUMTHANG,2024,SARIMA,0.020922229161184223,0.01773485453745047,6.9587663267063675,1.1040811465802214
CHUKHA,2022,Seasonal Naive,0.154045260195909,0.11579767416666666,7.747965672294336,1.154619333155166
CHUKHA,2022,Holt-Winters,0.09287803945407645,0.07476579907909664,5.028701096128219,0.7454902501001127
CHUKHA,2022,SARIMA,0.13962593405140283,0.12063353813448568,8.125402292816357,1.2028377630151292
CHUKHA,2023,Seasonal Naive,0.10292763432426769,0.08869411249999996,5.77280532525735,0.8652573343030827
CHUKHA,2023,Holt-Winters,0.09620267425001736,0.08336525434923835,5.320847371386314,0.8132715432686749
CHUKHA,2023,SARIMA,0.11550903994205394,0.1003788309675152,6.410858453954129,0.9792478582319876
CHUKHA,2024,Seasonal Naive,0.12638451851053767,0.10573735500000005,6.380715247516316,1.0491944627610315
CHUKHA,2024,Holt-Winters,0.10626117453437176,0.09633951441939276,5.809371814351592,0.9559430068391003
CHUKHA,2024,SARIMA,0.0954226957114913,0.08504958355378928,5.130024748474013,0.8439170066696614
DAGANA,2022,Seasonal Naive,0.0049346365764739945,0.0033686624999999994,11.017243041377885,0.8199058917625122
DAGANA,2022,Holt-Winters,0.0035862364102849957,0.0026461785067153354,9.400110059295539,0.6440589843331679
DAGANA,2022,SARIMA,0.005273284117935276,0.005127539491158195,21.527635350634725,1.2480026832743139
DAGANA,2023,Seasonal Naive,0.00577458322449912,0.003995749999999999,14.17878032897024,0.9982158731083989
DAGANA,2023,Holt-Winters,0.0039093932290430854,0.0028950772616867363,9.9582879799701,0.7232464684955011
DAGANA,2023,SARIMA,0.004015814353156161,0.0032581225398469354,11.80015406029634,0.8139422225633394
DAGANA,2024,Seasonal Naive,0.003803181179398811,0.0028697499999999995,10.87156522107252,0.7170791471657784
DAGANA,2024,Holt-Winters,0.003862880889973341,0.003220257351087111,11.976515252370133,0.8046622162111245
DAGANA,2024,SARIMA,0.0027984272291293136,0.002484694014479458,10.072501852254497,0.6208632336861554
HAA,2022,Seasonal Naive,0.012632249921926023,0.009481083333333334,10.67291164298798,1.1914237345902825
HAA,2022,Holt-Winters,0.012994202689018599,0.010132250328995403,11.077237904066536,1.27325149483009
HAA,2022,SARIMA,0.009725356439952289,0.008318102838372076,9.782221521673547,1.0452798272067312
HAA,2023,Seasonal Naive,0.009776792858090019,0.007612716666666668,8.550252272084167,0.9311745783891988
HAA,2023,Holt-Winters,0.006604180099287322,0.005542603483274081,6.257248051144167,0.677961848273557
HAA,2023,SARIMA,0.006752635623658922,0.005502899893454813,6.902829342709691,0.6731053725725269
HAA,2024,Seasonal Naive,0.0070889694361498485,0.005958500000000001,6.250359412491871,0.7351583016303043
HAA,2024,Holt-Winters,0.006795009531608883,0.005649951442669451,6.76660515225444,0.6970896545920215
HAA,2024,SARIMA,0.010014774924200548,0.007667199448369046,9.761855032470002,0.945977229961197
LHUENTSE,2022,Seasonal Naive,0.00812752862194232,0.007023414166666665,12.17133270786456,0.7539278850812913
LHUENTSE,2022,Holt-Winters,0.013587345623520599,0.011174715297329841,17.48282945790969,1.1995490043128039
LHUENTSE,2022,SARIMA,0.007782510606408443,0.006550929826014961,11.416233340589702,0.7032090877516115
LHUENTSE,2023,Seasonal Naive,0.00619040779163484,0.005125951666666667,8.600332407033438,0.5702924932832878
LHUENTSE,2023,Holt-Winters,0.0055260065280269425,0.004694590438631115,8.284356157550366,0.5223010009245416
LHUENTSE,2023,SARIMA,0.007567065950978876,0.006232881506142668,10.371733505358495,0.6934449962905872
LHUENTSE,2024,Seasonal Naive,0.004495828135163199,0.0039972758333333335,6.525110391792242,0.46996400206489103
LHUENTSE,2024,Holt-Winters,0.007608678096000009,0.0067432045700530074,10.823304606568714,0.7928057853945215
LHUENTSE,2024,SARIMA,0.0038375146595125897,0.0033616110660639655,5.539534053854169,0.3952282143800966
MONGAR,2022,Seasonal Naive,0.03121124774277937,0.019491861666666666,5.557635956157647,0.7127133670009922
MONGAR,2022,Holt-Winters,0.04809683287014023,0.032383219051262076,8.693635993128314,1.1840815145853951
MONGAR,2022,SARIMA,0.044174951128126395,0.028037293450124564,7.424784327817653,1.0251742064538463
MONGAR,2023,Seasonal Naive,0.04247765625498501,0.03131641666666666,9.828934523362616,1.1940804367436941
MONGAR,2023,Holt-Winters,0.017662702187956174,0.013323457717392231,4.681572755781471,0.5080172607057489
MONGAR,2023,SARIMA,0.03673114086793576,0.031053169594309413,10.233919585511476,1.184042948020841
MONGAR,2024,Seasonal Naive,0.015432757728144363,0.011331893333333329,3.525468235379877,0.4218458319115876
MONGAR,2024,Holt-Winters,0.02148679507198163,0.015244206267130337,4.602823706076405,0.5674872402543003
MONGAR,2024,SARIMA,0.01798211880155705,0.01427842231609114,4.556354297225976,0.531534560301466
PARO,2022,Seasonal Naive,0.04371765431720901,0.03432008333333333,22.117109568902382,1.5973888795592883
PARO,2022,Holt-Winters,0.033250806918482645,0.026943717190058114,18.08135874356689,1.2540643854319296
PARO,2022,SARIMA,0.030927491454400418,0.025864950780418047,18.38287831834493,1.2038544413107428
PARO,2023,Seasonal Naive,0.024515985565544778,0.020868416666666667,13.81017720383411,0.8949226617942738
PARO,2023,Holt-Winters,0.00995757780048335,0.007671211094261173,5.732709615370677,0.3289727611499981
PARO,2023,SARIMA,0.02085884654256792,0.018115849288347242,13.922932814374056,0.7768813669360771
PARO,2024,Seasonal Naive,0.023117979858453607,0.01725229,9.992252332768004,0.7496954291297664
PARO,2024,Holt-Winters,0.018416469829894044,0.014311691427976283,8.737859271416566,0.6219122010277753
PARO,2024,SARIMA,0.019561124315719346,0.01762908313370166,11.859450219036995,0.7660689128854659
PEMAGATSHEL,2022,Seasonal Naive,0.009796338339229948,0.007762583333333333,7.473381930262006,0.3028299816300288
PEMAGATSHEL,2022,Holt-Winters,0.013528621239618361,0.010023585266611271,10.329090986502786,0.3910350474590613
PEMAGATSHEL,2022,SARIMA,0.01173706532644771,0.008683941588282252,8.969087992003166,0.33877354467336995
PEMAGATSHEL,2023,Seasonal Naive,0.012104488245688041,0.011496416666666667,10.534960668191571,0.49810114280933027
PEMAGATSHEL,2023,Holt-Winters,0.010033947698603878,0.008725115899634102,7.961605880557561,0.3780299833210294
PEMAGATSHEL,2023,SARIMA,0.012673319454807883,0.010490139761463893,9.455477368645585,0.4545025423934786
PEMAGATSHEL,2024,Seasonal Naive,0.03231553212852916,0.027841916666666664,19.259163752285843,1.2870424295383098
PEMAGATSHEL,2024,Holt-Winters,0.030521988544280645,0.022523794507381126,14.88428372012797,1.0412027143198874
PEMAGATSHEL,2024,SARIMA,0.033616645734837455,0.025203156528413175,16.598303051399267,1.1650610192795592
PUNAKHA,2022,Seasonal Naive,0.030455170594167448,0.0193783125,10.514318280188096,0.6656904748089985
PUNAKHA,2022,Holt-Winters,0.028194257288544057,0.01785717322121173,9.714205768546192,0.6134357736451493
PUNAKHA,2022,SARIMA,0.027328462520021114,0.0191099653208202,10.581716280968333,0.6564721199537005
PUNAKHA,2023,Seasonal Naive,0.020477765719150942,0.011893978333333333,7.16684229853085,0.429078177777895
PUNAKHA,2023,Holt-Winters,0.011619919222876387,0.00863629110672219,5.298986842902418,0.311556314210409
PUNAKHA,2023,SARIMA,0.01163150985291679,0.00925738479852988,5.787338688116419,0.33396242106897955
PUNAKHA,2024,Seasonal Naive,0.014902245895200662,0.01270388416666667,9.065432065994838,0.4935155806527685
PUNAKHA,2024,Holt-Winters,0.01698209343894761,0.015612648698805747,10.548152715852776,0.6065141406386517
PUNAKHA,2024,SARIMA,0.019260035644574763,0.01648001943827042,11.530860945541905,0.6402094237908158
SAMDRUPJONGKHAR,2022,Seasonal Naive,0.03313654284723728,0.024405364166666665,7.517807607140401,0.4810144263193886
SAMDRUPJONGKHAR,2022,Holt-Winters,0.03418943082516668,0.028397435458718968,9.149889833630375,0.5596956485809825
SAMDRUPJONGKHAR,2022,SARIMA,0.031420104716314526,0.02532681700729796,7.978638831503701,0.49917568408590896
SAMDRUPJONGKHAR,2023,Seasonal Naive,0.03380958478969192,0.02329580666666668,6.775206169847506,0.4959131386153558
SAMDRUPJONGKHAR,2023,Holt-Winters,0.030161509203335712,0.021374456888434867,6.05593823137977,0.4550121038267978
SAMDRUPJONGKHAR,2023,SARIMA,0.024238485731024245,0.01713388612014612,5.208608450700361,0.36474028841756095
SAMDRUPJONGKHAR,2024,Seasonal Naive,0.046560567522699846,0.03590749083333334,9.005654895273285,0.8157899692346108
SAMDRUPJONGKHAR,2024,Holt-Winters,0.053260631970831945,0.041073500191683716,10.415778381995487,0.9331576414864995
SAMDRUPJONGKHAR,2024,SARIMA,0.0394894467864844,0.03341190580984634,9.17473365486881,0.7590922389759739
SAMTSE,2022,Seasonal Naive,0.02488687241463073,0.020683377499999992,11.013491846705529,1.5499897479408968
SAMTSE,2022,Holt-Winters,0.017025942722403795,0.014593323057738162,8.56693515005736,1.0936077112107856
SAMTSE,2022,SARIMA,0.01959691403159671,0.017409821955220953,9.892105411532675,1.3046730662856598
SAMTSE,2023,Seasonal Naive,0.01887847948759005,0.014384664166666665,8.66687092958781,0.9994447068918156
SAMTSE,2023,Holt-Winters,0.012999004869382361,0.009879413495000782,5.975013520711025,0.6864204412679155
SAMTSE,2023,SARIMA,0.013901965958250636,0.011167916420089437,6.779886059207388,0.7759454669044991
SAMTSE,2024,Seasonal Naive,0.02869942276913829,0.025590764999999998,11.799103014035648,1.7781666476186906
SAMTSE,2024,Holt-Winters,0.02258049707314663,0.01785681057418326,8.035074864266615,1.2407751388384614
SAMTSE,2024,SARIMA,0.02597222381756419,0.020717996960926514,9.134878163707977,1.4395838186699352
THIMPHU,2022,Seasonal Naive,1.7071873318028408,1.2435468531666665,11.026658035809069,1.7125636883511637
THIMPHU,2022,Holt-Winters,1.2533727660706104,0.9086210685234716,7.798849699870845,1.2513171051509864
THIMPHU,2022,SARIMA,1.3605830158032335,1.1684478185218,12.004255290013479,1.6091402592817103
THIMPHU,2023,Seasonal Naive,1.409198841784571,0.9392396560000003,8.582379028894914,1.1739788584931055
THIMPHU,2023,Holt-Winters,1.2486081393401807,0.9386395269502458,8.561691970161585,1.1732287423621706
THIMPHU,2023,SARIMA,1.5428497326304533,1.3463324055035837,13.677012315961564,1.6828141470267877
THIMPHU,2024,Seasonal Naive,1.0602933766172302,0.7444239022499998,5.7899262116226184,0.9106691850263396
THIMPHU,2024,Holt-Winters,0.7689576487362436,0.6032296100729747,5.999023972093106,0.7379432816820367
THIMPHU,2024,SARIMA,1.2459214373155625,1.004261170251618,11.472545668105083,1.2285334991292447
TRASHIGANG,2022,Seasonal Naive,0.020752154411495444,0.015101989999999996,9.877873181178991,0.5412147092330829
TRASHIGANG,2022,Holt-Winters,0.0316176138133177,0.02342631683603601,15.064529876597845,0.8395361972042961
TRASHIGANG,2022,SARIMA,0.03910071635393307,0.035687158598687894,25.529213031675123,1.2789317940446119
TRASHIGANG,2023,Seasonal Naive,0.01682175795057723,0.010533282499999998,7.790787163118669,0.4039603877673191
TRASHIGANG,2023,Holt-Winters,0.018309262971243977,0.01692078992125385,13.772651334461795,0.648926757439483
TRASHIGANG,2023,SARIMA,0.025769257748772038,0.022209986985810688,17.140161968640502,0.8517719860921985
TRASHIGANG,2024,Seasonal Naive,0.010031022990868544,0.00769178333333333,5.468755479190917,0.31873370504584264
TRASHIGANG,2024,Holt-Winters,0.012656614776334575,0.00890579780756933,5.866011067480705,0.36904028735369765
TRASHIGANG,2024,SARIMA,0.009471879939582744,0.007962416372393507,5.605212645579099,0.32994825276634954
TRASHIYANGTSE,2022,Seasonal Naive,0.02049795238757602,0.013613583333333333,10.550292156583623,0.930211079330242
TRASHIYANGTSE,2022,Holt-Winters,0.01829331732359487,0.013599510917914906,10.37208930164854,0.9292495164254111
TRASHIYANGTSE,2022,SARIMA,0.019841612891114066,0.015134170651792364,11.811892700617843,1.034112244518417
TRASHIYANGTSE,2023,Seasonal Naive,0.015321859357358254,0.009436999999999996,8.496079773370473,0.6513202581118253
TRASHIYANGTSE,2023,Holt-Winters,0.011569930257620646,0.008409415711686475,8.094301408253331,0.5803987296710051
TRASHIYANGTSE,2023,SARIMA,0.014177547898910826,0.011341822771977398,11.25430033038055,0.7827867897957931
TRASHIYANGTSE,2024,Seasonal Naive,0.007763546932081046,0.006279312500000002,5.573319675952068,0.45313367129845533
TRASHIYANGTSE,2024,Holt-Winters,0.008632210747956115,0.0058401182651599695,4.997590969774223,0.4214401226741147
TRASHIYANGTSE,2024,SARIMA,0.006914349745881561,0.005369055538413843,4.804766400453597,0.3874468498783535
TRONGSA,2022,Seasonal Naive,0.011409422641793343,0.008374416666666664,7.396745764845826,0.5712848915944094
TRONGSA,2022,Holt-Winters,0.013675509686097634,0.011884094554471663,11.6670860681026,0.8107076515875603
TRONGSA,2022,SARIMA,0.011972808948214174,0.009634049171362236,8.422507793035884,0.6572143416727796
TRONGSA,2023,Seasonal Naive,0.014727099675849275,0.009202333333333331,7.397610245037223,0.6687193313173488
TRONGSA,2023,Holt-Winters,0.009436596156953733,0.0076823285483090765,7.928609142001143,0.5582629343773781
TRONGSA,2023,SARIMA,0.012104073242567782,0.0075766127997564554,6.156441281748718,0.550580734426443
TRONGSA,2024,Seasonal Naive,0.010805759430080174,0.007584915,6.489999685675531,0.5749946176565125
TRONGSA,2024,Holt-Winters,0.009932358587263289,0.007893351453338476,7.512687860241053,0.5983764618246658
TRONGSA,2024,SARIMA,0.009149611162007729,0.006237730699438831,5.335014466994353,0.47286773530990406
TSIRANG,2022,Seasonal Naive,0.018669194663053446,0.011641666666666666,8.874382333015124,1.483821197527616
TSIRANG,2022,Holt-Winters,0.01900791214745844,0.010870572172135268,7.62157850576848,1.3855391912614001
TSIRANG,2022,SARIMA,0.01755659641180596,0.010883257419409856,8.341734742194364,1.3871560249451722
TSIRANG,2023,Seasonal Naive,0.017086532328483645,0.013926896666666667,11.038740944710245,1.660333770626061
TSIRANG,2023,Holt-Winters,0.012499004209834921,0.00929531787877467,7.707362992820227,1.108167207111739
TSIRANG,2023,SARIMA,0.011184092454079548,0.007492177475449068,5.797575524872058,0.8932008024289686
TSIRANG,2024,Seasonal Naive,0.015016219007964078,0.009453469166666667,6.034110975901877,1.0410884228505624
TSIRANG,2024,Holt-Winters,0.01607165735510838,0.010142734380068377,6.35718493721628,1.1169955868022237
TSIRANG,2024,SARIMA,0.012297267665845404,0.009485424928991596,6.870902154162166,1.044607636127013
WANGDUE PHODRANG,2022,Seasonal Naive,0.030910564861304574,0.019899186666666673,7.1508459788197865,1.1267289012176345
WANGDUE PHODRANG,2022,Holt-Winters,0.028871796675348893,0.023002078264433914,8.904157200779718,1.3024203854533243
WANGDUE PHODRANG,2022,SARIMA,0.02641854631090867,0.02014837919644116,7.503717809791173,1.1408386449959957
WANGDUE PHODRANG,2023,Seasonal Naive,0.042055879346246786,0.03398103166666666,13.464452350840558,1.8898549375523042
WANGDUE PHODRANG,2023,Holt-Winters,0.03006438736300925,0.025365360146184623,10.421159246099169,1.410694401079135
WANGDUE PHODRANG,2023,SARIMA,0.034334726801611336,0.02696127444221852,10.819518216604294,1.4994511681442306
WANGDUE PHODRANG,2024,Seasonal Naive,0.01985458877098314,0.016521659999999994,6.932682235953271,0.8268769827828111
WANGDUE PHODRANG,2024,Holt-Winters,0.020123488403127172,0.015536048673456907,6.266055435731095,0.7775490508505166
WANGDUE PHODRANG,2024,SARIMA,0.018146023048060664,0.014614709578077744,5.9180100388099435,0.731437819212354
ZHEMGANG,2022,Seasonal Naive,0.012402238612768329,0.008669564166666666,9.112281459169187,1.2763219779323254
ZHEMGANG,2022,Holt-Winters,0.012461472432458561,0.009909995679658454,10.89344828458273,1.4589366943950541
ZHEMGANG,2022,SARIMA,0.012144084036904456,0.00797563443377714,8.150484523773125,1.174162543824562
ZHEMGANG,2023,Seasonal Naive,0.010696186184583891,0.007899088333333332,9.084636543308829,1.1187320611913203
ZHEMGANG,2023,Holt-Winters,0.007881492964262575,0.005818362814602577,6.623714053117859,0.8240430730304877
ZHEMGANG,2023,SARIMA,0.006918455030499794,0.005528904163463005,6.298578343419011,0.7830476239667625
ZHEMGANG,2024,Seasonal Naive,0.008968783084656748,0.006589804166666665,7.10885907472048,0.9196517483053627
ZHEMGANG,2024,Holt-Winters,0.008157113546938608,0.006389816907210021,6.740996004973672,0.8917421734308284
ZHEMGANG,2024,SARIMA,0.01263172935957127,0.01122182686094792,12.822299796195521,1.5660818486918875
